{"cameraMode":{"drawMode":0,"name":"Shaded","section":"Shading Mode"},"sceneLighting":true,"audioPlay":false,"sceneViewState":{"showFog":true,"showMaterialUpdate":true,"showSkybox":true,"showFlares":true,"showImageEffects":true,"showParticleSystems":true},"in2DMode":false,"pivot":{"x":5.987272262573242,"y":-2.798114776611328,"z":10.594520568847657},"rotation":{"x":0.36039498448371889,"y":0.5875818133354187,"z":-0.32775402069091799,"w":0.6461076736450195},"size":10.0,"orthographic":false}